symbol,date,window_set,base_metric,gamma,theta,score,exceedance,amplitude,window_bars,day_bars,prior_days,future_days_used,mode
DEMO_A,2024-01-02,primary,0.8958575123917005,30.0,10.208918384882207,36.02146160024149,True,0.10120930000000002,52,240,0,5,retrospective
DEMO_A,2024-01-02,control,0.10832118914867842,4.849799999999978,10.208918384882207,0.10832118914867842,False,0.10120930000000002,51,240,0,5,retrospective
DEMO_A,2024-01-02,segment:09:30–10:00,0.06750873416677407,6.763999999999845,10.208918384882207,0.06750873416677407,False,0.10120930000000002,30,240,0,5,retrospective
DEMO_A,2024-01-02,segment:10:00–10:30,0.7604322105666693,30.0,10.208918384882207,30.57615669191077,True,0.10120930000000002,30,240,0,5,retrospective
DEMO_A,2024-01-02,segment:10:30–11:00,0.8958575123917005,30.0,10.208918384882207,36.02146160024149,True,0.10120930000000002,30,240,0,5,retrospective
DEMO_A,2024-01-02,segment:11:00–11:30,0.10695669003644238,1.484933333333298,10.208918384882207,0.10695669003644238,False,0.10120930000000002,30,240,0,5,retrospective
DEMO_A,2024-01-02,segment:13:00–13:30,0.010433939656783556,5.181266666666672,10.208918384882207,0.010433939656783556,False,0.10120930000000002,30,240,0,5,retrospective
DEMO_A,2024-01-02,segment:13:30–14:00,-0.0356774354836429,2.304800000000047,10.208918384882207,-0.0356774354836429,False,0.10120930000000002,30,240,0,5,retrospective
DEMO_A,2024-01-02,segment:14:00–14:30,0.013367464540366603,5.645399999999985,10.208918384882207,0.013367464540366603,False,0.10120930000000002,30,240,0,5,retrospective
DEMO_A,2024-01-02,segment:14:30–15:00,0.004910731809283611,4.681333333333389,10.208918384882207,0.004910731809283611,False,0.10120930000000002,30,240,0,5,retrospective
DEMO_A,2024-01-03,primary,0.2,5.271967438942948,3.3115909130302144,0.2,False,0.025914418635888607,52,240,1,5,retrospective
DEMO_A,2024-01-03,control,0.2,6.249702571343437,3.3115909130302144,0.2,False,0.025914418635888607,51,240,1,5,retrospective
DEMO_A,2024-01-03,segment:09:30–10:00,0.2,8.845317129238055,3.3115909130302144,0.2,False,0.025914418635888607,30,240,1,5,retrospective
DEMO_A,2024-01-03,segment:10:00–10:30,0.2,9.054680410197147,3.3115909130302144,0.2,False,0.025914418635888607,30,240,1,5,retrospective
DEMO_A,2024-01-03,segment:10:30–11:00,0.2,2.696951419605316,3.3115909130302144,0.2,False,0.025914418635888607,30,240,1,5,retrospective
DEMO_A,2024-01-03,segment:11:00–11:30,0.2,4.908678101372396,3.3115909130302144,0.2,False,0.025914418635888607,30,240,1,5,retrospective
DEMO_A,2024-01-03,segment:13:00–13:30,0.2,6.249702571343437,3.3115909130302144,0.2,False,0.025914418635888607,30,240,1,5,retrospective
DEMO_A,2024-01-03,segment:13:30–14:00,0.2,5.271967438942948,3.3115909130302144,0.2,False,0.025914418635888607,30,240,1,5,retrospective
DEMO_A,2024-01-03,segment:14:00–14:30,0.2,6.035570496891999,3.3115909130302144,0.2,False,0.025914418635888607,30,240,1,5,retrospective
DEMO_A,2024-01-03,segment:14:30–15:00,0.2,3.697934420280379,3.3115909130302144,0.2,False,0.025914418635888607,30,240,1,5,retrospective
DEMO_A,2024-01-04,primary,0.4874887869941404,3.879224084062801,3.193588244605315,3.447916702739621,False,0.04049468602011484,52,240,2,5,retrospective
DEMO_A,2024-01-04,control,0.2784634061596571,4.5644825518219525,3.193588244605315,0.2784634061596571,False,0.04049468602011484,51,240,2,5,retrospective
DEMO_A,2024-01-04,segment:09:30–10:00,0.7195166924959611,5.054242165443102,3.193588244605315,5.934451656905643,False,0.04049468602011484,30,240,2,5,retrospective
DEMO_A,2024-01-04,segment:10:00–10:30,0.5749422879881524,2.376805100598923,3.193588244605315,3.2026546948857026,False,0.04049468602011484,30,240,2,5,retrospective
DEMO_A,2024-01-04,segment:10:30–11:00,0.34678797836880215,2.51832157640257,3.193588244605315,0.34678797836880215,False,0.04049468602011484,30,240,2,5,retrospective
DEMO_A,2024-01-04,segment:11:00–11:30,0.2784634061596571,4.5644825518219525,3.193588244605315,0.2784634061596571,False,0.04049468602011484,30,240,2,5,retrospective
DEMO_A,2024-01-04,segment:13:00–13:30,0.197769183623039,3.4934616293123555,3.193588244605315,0.197769183623039,False,0.04049468602011484,30,240,2,5,retrospective
DEMO_A,2024-01-04,segment:13:30–14:00,0.021759621597935198,3.879224084062801,3.193588244605315,0.021759621597935198,False,0.04049468602011484,30,240,2,5,retrospective
DEMO_A,2024-01-04,segment:14:00–14:30,0.05001394219409798,3.612061523645867,3.193588244605315,0.05001394219409798,False,0.04049468602011484,30,240,2,5,retrospective
DEMO_A,2024-01-04,segment:14:30–15:00,-0.03811768200855841,3.587959601754571,3.193588244605315,-0.03811768200855841,False,0.04049468602011484,30,240,2,5,retrospective
DEMO_A,2024-01-05,primary,0.6844373127192501,30.0,13.607753000033359,29.846773277067648,True,0.10552320772786468,52,240,3,5,retrospective
DEMO_A,2024-01-05,control,0.0641143090780278,6.108137051636512,13.607753000033359,0.0641143090780278,False,0.10552320772786468,51,240,3,5,retrospective
DEMO_A,2024-01-05,segment:09:30–10:00,-0.14956129491119644,7.642907781121654,13.607753000033359,-0.14956129491119644,False,0.10552320772786468,30,240,3,5,retrospective
DEMO_A,2024-01-05,segment:10:00–10:30,0.5387585512012134,30.0,13.607753000033359,23.49404982743834,True,0.10552320772786468,30,240,3,5,retrospective
DEMO_A,2024-01-05,segment:10:30–11:00,0.6844373127192501,30.0,13.607753000033359,29.846773277067648,True,0.10552320772786468,30,240,3,5,retrospective
DEMO_A,2024-01-05,segment:11:00–11:30,0.059797404276402386,6.108137051636512,13.607753000033359,0.059797404276402386,False,0.10552320772786468,30,240,3,5,retrospective
DEMO_A,2024-01-05,segment:13:00–13:30,0.0641143090780278,3.4478415618850846,13.607753000033359,0.0641143090780278,False,0.10552320772786468,30,240,3,5,retrospective
DEMO_A,2024-01-05,segment:13:30–14:00,0.07650956682017027,4.080986118877676,13.607753000033359,0.07650956682017027,False,0.10552320772786468,30,240,3,5,retrospective
DEMO_A,2024-01-05,segment:14:00–14:30,0.03541416154650027,4.028535498022845,13.607753000033359,0.03541416154650027,False,0.10552320772786468,30,240,3,5,retrospective
DEMO_A,2024-01-05,segment:14:30–15:00,0.005085854971701984,3.7818208901774995,13.607753000033359,0.005085854971701984,False,0.10552320772786468,30,240,3,5,retrospective
DEMO_A,2024-01-08,primary,0.2,5.4285423182507095,4.76068940130614,0.2,False,0.0378102147966117,52,240,4,5,retrospective
DEMO_A,2024-01-08,control,0.2,7.387070873373293,4.76068940130614,0.2,False,0.0378102147966117,51,240,4,5,retrospective
DEMO_A,2024-01-08,segment:09:30–10:00,0.2,4.392472743687151,4.76068940130614,0.2,False,0.0378102147966117,30,240,4,5,retrospective
DEMO_A,2024-01-08,segment:10:00–10:30,0.2,2.5870442966594185,4.76068940130614,0.2,False,0.0378102147966117,30,240,4,5,retrospective
DEMO_A,2024-01-08,segment:10:30–11:00,0.2,1.9432914135372343,4.76068940130614,0.2,False,0.0378102147966117,30,240,4,5,retrospective
DEMO_A,2024-01-08,segment:11:00–11:30,0.2,5.251386024022871,4.76068940130614,0.2,False,0.0378102147966117,30,240,4,5,retrospective
DEMO_A,2024-01-08,segment:13:00–13:30,0.2,7.387070873373293,4.76068940130614,0.2,False,0.0378102147966117,30,240,4,5,retrospective
DEMO_A,2024-01-08,segment:13:30–14:00,0.2,5.4285423182507095,4.76068940130614,0.2,False,0.0378102147966117,30,240,4,5,retrospective
DEMO_A,2024-01-08,segment:14:00–14:30,0.2,5.5928157073610985,4.76068940130614,0.2,False,0.0378102147966117,30,240,4,5,retrospective
DEMO_A,2024-01-08,segment:14:30–15:00,0.2,2.9076782245290493,4.76068940130614,0.2,False,0.0378102147966117,30,240,4,5,retrospective
DEMO_A,2024-01-09,primary,0.2,5.450294448068972,7.06079405243781,0.2,False,0.030290765384571008,52,240,5,5,retrospective
DEMO_A,2024-01-09,control,0.2,8.765494776882868,7.06079405243781,0.2,False,0.030290765384571008,51,240,5,5,retrospective
DEMO_A,2024-01-09,segment:09:30–10:00,0.2,8.671760850633328,7.06079405243781,0.2,False,0.030290765384571008,30,240,5,5,retrospective
DEMO_A,2024-01-09,segment:10:00–10:30,0.2,5.450294448068972,7.06079405243781,0.2,False,0.030290765384571008,30,240,5,5,retrospective
DEMO_A,2024-01-09,segment:10:30–11:00,0.2,9.000025688586527,7.06079405243781,0.2,False,0.030290765384571008,30,240,5,5,retrospective
DEMO_A,2024-01-09,segment:11:00–11:30,0.2,8.765494776882868,7.06079405243781,0.2,False,0.030290765384571008,30,240,5,5,retrospective
DEMO_A,2024-01-09,segment:13:00–13:30,0.2,3.256894427687999,7.06079405243781,0.2,False,0.030290765384571008,30,240,5,5,retrospective
DEMO_A,2024-01-09,segment:13:30–14:00,0.2,3.2584631963281443,7.06079405243781,0.2,False,0.030290765384571008,30,240,5,5,retrospective
DEMO_A,2024-01-09,segment:14:00–14:30,0.2,3.269379211449319,7.06079405243781,0.2,False,0.030290765384571008,30,240,5,5,retrospective
DEMO_A,2024-01-09,segment:14:30–15:00,0.2,2.143722346775875,7.06079405243781,0.2,False,0.030290765384571008,30,240,5,5,retrospective
DEMO_A,2024-01-10,primary,0.8104932021130284,30.0,11.813925972682219,33.88990275451634,True,0.09486155720679293,52,240,5,5,retrospective
DEMO_A,2024-01-10,control,-0.06749413982949704,4.116995400021387,11.813925972682219,-0.06749413982949704,False,0.09486155720679293,51,240,5,5,retrospective
DEMO_A,2024-01-10,segment:09:30–10:00,0.14454022929171856,3.759627785063119,11.813925972682219,0.14454022929171856,False,0.09486155720679293,30,240,5,5,retrospective
DEMO_A,2024-01-10,segment:10:00–10:30,0.6759094550753916,30.0,11.813925972682219,28.2624279187584,True,0.09486155720679293,30,240,5,5,retrospective
DEMO_A,2024-01-10,segment:10:30–11:00,0.8104932021130284,30.0,11.813925972682219,33.88990275451634,True,0.09486155720679293,30,240,5,5,retrospective
DEMO_A,2024-01-10,segment:11:00–11:30,-0.0766071957678398,4.116995400021387,11.813925972682219,-0.0766071957678398,False,0.09486155720679293,30,240,5,5,retrospective
DEMO_A,2024-01-10,segment:13:00–13:30,-0.06749413982949704,4.093947873369692,11.813925972682219,-0.06749413982949704,False,0.09486155720679293,30,240,5,5,retrospective
DEMO_A,2024-01-10,segment:13:30–14:00,-0.01162723475871602,4.165447586732441,11.813925972682219,-0.01162723475871602,False,0.09486155720679293,30,240,5,5,retrospective
DEMO_A,2024-01-10,segment:14:00–14:30,-0.041723510954092616,2.885065814929574,11.813925972682219,-0.041723510954092616,False,0.09486155720679293,30,240,5,5,retrospective
DEMO_A,2024-01-10,segment:14:30–15:00,-0.02371999701273253,6.299308079857122,11.813925972682219,-0.02371999701273253,False,0.09486155720679293,30,240,5,5,retrospective
DEMO_A,2024-01-11,primary,0.30620815268865753,6.658835255518684,9.952687563471347,0.30620815268865753,False,0.052248399323503426,52,240,5,5,retrospective
DEMO_A,2024-01-11,control,0.4523876863087623,10.843320485468594,9.952687563471347,9.407857965718337,True,0.052248399323503426,51,240,5,5,retrospective
DEMO_A,2024-01-11,segment:09:30–10:00,-0.34438425543148193,10.005306262424721,9.952687563471347,-0.34438425543148193,False,0.052248399323503426,30,240,5,5,retrospective
DEMO_A,2024-01-11,segment:10:00–10:30,-0.32804209257584643,3.964861364406363,9.952687563471347,-0.32804209257584643,False,0.052248399323503426,30,240,5,5,retrospective
DEMO_A,2024-01-11,segment:10:30–11:00,-0.1414241014808355,6.691364822677242,9.952687563471347,-0.1414241014808355,False,0.052248399323503426,30,240,5,5,retrospective
DEMO_A,2024-01-11,segment:11:00–11:30,0.253704568053538,10.843320485468594,9.952687563471347,0.253704568053538,False,0.052248399323503426,30,240,5,5,retrospective
DEMO_A,2024-01-11,segment:13:00–13:30,0.4523876863087623,7.76254046850657,9.952687563471347,8.014151021818618,True,0.052248399323503426,30,240,5,5,retrospective
DEMO_A,2024-01-11,segment:13:30–14:00,0.34813517706417685,3.7252597444865043,9.952687563471347,0.34813517706417685,False,0.052248399323503426,30,240,5,5,retrospective
DEMO_A,2024-01-11,segment:14:00–14:30,0.3499935273773608,5.673945108031176,9.952687563471347,0.3499935273773608,False,0.052248399323503426,30,240,5,5,retrospective
DEMO_A,2024-01-11,segment:14:30–15:00,0.21343213578427325,1.8401877567185976,9.952687563471347,0.21343213578427325,False,0.052248399323503426,30,240,5,5,retrospective
DEMO_A,2024-01-12,primary,0.2,6.949509923659912,4.38182940829675,0.2,False,0.022461280360463465,52,240,5,5,retrospective
DEMO_A,2024-01-12,control,0.2,3.346131289624091,4.38182940829675,0.2,False,0.022461280360463465,51,240,5,5,retrospective
DEMO_A,2024-01-12,segment:09:30–10:00,0.2,3.2156680310984482,4.38182940829675,0.2,False,0.022461280360463465,30,240,5,5,retrospective
DEMO_A,2024-01-12,segment:10:00–10:30,0.2,3.881171413504452,4.38182940829675,0.2,False,0.022461280360463465,30,240,5,5,retrospective
DEMO_A,2024-01-12,segment:10:30–11:00,0.2,2.9728121465140505,4.38182940829675,0.2,False,0.022461280360463465,30,240,5,5,retrospective
DEMO_A,2024-01-12,segment:11:00–11:30,0.2,3.0640444481659808,4.38182940829675,0.2,False,0.022461280360463465,30,240,5,5,retrospective
DEMO_A,2024-01-12,segment:13:00–13:30,0.2,3.5862684485702263,4.38182940829675,0.2,False,0.022461280360463465,30,240,5,5,retrospective
DEMO_A,2024-01-12,segment:13:30–14:00,0.2,6.949509923659912,4.38182940829675,0.2,False,0.022461280360463465,30,240,5,5,retrospective
DEMO_A,2024-01-12,segment:14:00–14:30,0.2,3.494243397012568,4.38182940829675,0.2,False,0.022461280360463465,30,240,5,5,retrospective
DEMO_A,2024-01-12,segment:14:30–15:00,0.2,3.880048351138011,4.38182940829675,0.2,False,0.022461280360463465,30,240,5,5,retrospective
DEMO_A,2024-01-15,primary,0.8404812248810211,30.0,10.553246917023994,34.084242641722824,True,0.09895790121959777,52,240,5,5,retrospective
DEMO_A,2024-01-15,control,0.02033212756670702,5.507588714944223,10.553246917023994,0.02033212756670702,False,0.09895790121959777,51,240,5,5,retrospective
DEMO_A,2024-01-15,segment:09:30–10:00,0.14835770668421672,9.033503838764288,10.553246917023994,0.14835770668421672,False,0.09895790121959777,30,240,5,5,retrospective
DEMO_A,2024-01-15,segment:10:00–10:30,0.7380196479723619,30.0,10.553246917023994,29.92909301383832,True,0.09895790121959777,30,240,5,5,retrospective
DEMO_A,2024-01-15,segment:10:30–11:00,0.8404812248810211,30.0,10.553246917023994,34.084242641722824,True,0.09895790121959777,30,240,5,5,retrospective
DEMO_A,2024-01-15,segment:11:00–11:30,-0.0032144860015923295,4.6071301691438515,10.553246917023994,-0.0032144860015923295,False,0.09895790121959777,30,240,5,5,retrospective
DEMO_A,2024-01-15,segment:13:00–13:30,0.02033212756670702,5.507588714944223,10.553246917023994,0.02033212756670702,False,0.09895790121959777,30,240,5,5,retrospective
DEMO_A,2024-01-15,segment:13:30–14:00,0.012279703677279723,3.3776003939814077,10.553246917023994,0.012279703677279723,False,0.09895790121959777,30,240,5,5,retrospective
DEMO_A,2024-01-15,segment:14:00–14:30,0.008279187741722586,3.220111557141182,10.553246917023994,0.008279187741722586,False,0.09895790121959777,30,240,5,5,retrospective
DEMO_A,2024-01-15,segment:14:30–15:00,-0.006830065643096555,3.807919195529236,10.553246917023994,-0.006830065643096555,False,0.09895790121959777,30,240,5,5,retrospective
DEMO_A,2024-01-16,primary,0.2,5.757343539165188,5.944994268537221,0.2,False,0.028925346063988378,52,240,5,5,retrospective
DEMO_A,2024-01-16,control,0.2,3.453696753138236,5.944994268537221,0.2,False,0.028925346063988378,51,240,5,5,retrospective
DEMO_A,2024-01-16,segment:09:30–10:00,0.2,5.242380810220085,5.944994268537221,0.2,False,0.028925346063988378,30,240,5,5,retrospective
DEMO_A,2024-01-16,segment:10:00–10:30,0.2,2.613895936304963,5.944994268537221,0.2,False,0.028925346063988378,30,240,5,5,retrospective
DEMO_A,2024-01-16,segment:10:30–11:00,0.2,7.564832602982996,5.944994268537221,0.2,False,0.028925346063988378,30,240,5,5,retrospective
DEMO_A,2024-01-16,segment:11:00–11:30,0.2,3.179585338224851,5.944994268537221,0.2,False,0.028925346063988378,30,240,5,5,retrospective
DEMO_A,2024-01-16,segment:13:00–13:30,0.2,3.453696753138236,5.944994268537221,0.2,False,0.028925346063988378,30,240,5,5,retrospective
DEMO_A,2024-01-16,segment:13:30–14:00,0.2,5.757343539165188,5.944994268537221,0.2,False,0.028925346063988378,30,240,5,5,retrospective
DEMO_A,2024-01-16,segment:14:00–14:30,0.2,6.72898016834698,5.944994268537221,0.2,False,0.028925346063988378,30,240,5,5,retrospective
DEMO_A,2024-01-16,segment:14:30–15:00,0.2,3.1419753247526905,5.944994268537221,0.2,False,0.028925346063988378,30,240,5,5,retrospective
DEMO_A,2024-01-17,primary,0.39494907289297687,5.214343063045274,2.604721528326057,0.39494907289297687,False,0.04469731291058504,52,240,5,5,retrospective
DEMO_A,2024-01-17,control,0.519321942910964,3.933704016281838,2.604721528326057,3.3955478574044498,False,0.04469731291058504,51,240,5,5,retrospective
DEMO_A,2024-01-17,segment:09:30–10:00,0.5967561112123126,7.559285617963087,2.604721528326057,6.065433378953665,False,0.04469731291058504,30,240,5,5,retrospective
DEMO_A,2024-01-17,segment:10:00–10:30,0.4175754706583595,1.6383586984647809,2.604721528326057,1.7718062227433626,False,0.04469731291058504,30,240,5,5,retrospective
DEMO_A,2024-01-17,segment:10:30–11:00,0.5059544696007123,5.589571583241099,2.604721528326057,4.145939225015731,False,0.04469731291058504,30,240,5,5,retrospective
DEMO_A,2024-01-17,segment:11:00–11:30,0.519321942910964,3.8884503254039564,2.604721528326057,3.372046622733856,False,0.04469731291058504,30,240,5,5,retrospective
DEMO_A,2024-01-17,segment:13:00–13:30,0.32798967023710984,2.2097538876001432,2.604721528326057,0.32798967023710984,False,0.04469731291058504,30,240,5,5,retrospective
DEMO_A,2024-01-17,segment:13:30–14:00,0.3393006091919358,5.190773432379638,2.604721528326057,0.3393006091919358,False,0.04469731291058504,30,240,5,5,retrospective
DEMO_A,2024-01-17,segment:14:00–14:30,0.1917747782164597,1.2575408087111182,2.604721528326057,0.1917747782164597,False,0.04469731291058504,30,240,5,5,retrospective
DEMO_A,2024-01-17,segment:14:30–15:00,-0.06617338807807016,3.9284513557336136,2.604721528326057,-0.06617338807807016,False,0.04469731291058504,30,240,5,5,retrospective
DEMO_A,2024-01-18,primary,0.8291076376317599,30.0,12.100682847500865,34.905997698375394,True,0.09948805114208649,52,240,5,5,retrospective
DEMO_A,2024-01-18,control,0.12101678031277736,4.425247208413228,12.100682847500865,0.12101678031277736,False,0.09948805114208649,51,240,5,5,retrospective
DEMO_A,2024-01-18,segment:09:30–10:00,0.060052646010831996,7.617972295328829,12.100682847500865,0.060052646010831996,False,0.09948805114208649,30,240,5,5,retrospective
DEMO_A,2024-01-18,segment:10:00–10:30,0.7386085469806005,30.0,12.100682847500865,31.095924184883703,True,0.09948805114208649,30,240,5,5,retrospective
DEMO_A,2024-01-18,segment:10:30–11:00,0.8291076376317599,30.0,12.100682847500865,34.905997698375394,True,0.09948805114208649,30,240,5,5,retrospective
DEMO_A,2024-01-18,segment:11:00–11:30,0.09675727195309493,1.746027877960776,12.100682847500865,0.09675727195309493,False,0.09948805114208649,30,240,5,5,retrospective
DEMO_A,2024-01-18,segment:13:00–13:30,0.0830078358310236,4.425247208413228,12.100682847500865,0.0830078358310236,False,0.09948805114208649,30,240,5,5,retrospective
DEMO_A,2024-01-18,segment:13:30–14:00,0.005681545953882768,3.150485752347568,12.100682847500865,0.005681545953882768,False,0.09948805114208649,30,240,5,5,retrospective
DEMO_A,2024-01-18,segment:14:00–14:30,-0.021320297238044596,3.6850434848533116,12.100682847500865,-0.021320297238044596,False,0.09948805114208649,30,240,5,5,retrospective
DEMO_A,2024-01-18,segment:14:30–15:00,-0.07556790547709218,3.8167706404132136,12.100682847500865,-0.07556790547709218,False,0.09948805114208649,30,240,5,5,retrospective
DEMO_A,2024-01-19,primary,0.2,3.7092523548622935,3.6123484842308,0.2,False,0.025332077601458367,52,240,5,5,retrospective
DEMO_A,2024-01-19,control,0.2,4.666708850454076,3.6123484842308,0.2,False,0.025332077601458367,51,240,5,5,retrospective
DEMO_A,2024-01-19,segment:09:30–10:00,0.2,2.4025738767351905,3.6123484842308,0.2,False,0.025332077601458367,30,240,5,5,retrospective
DEMO_A,2024-01-19,segment:10:00–10:30,0.2,4.994261544440877,3.6123484842308,0.2,False,0.025332077601458367,30,240,5,5,retrospective
DEMO_A,2024-01-19,segment:10:30–11:00,0.2,4.289975702206427,3.6123484842308,0.2,False,0.025332077601458367,30,240,5,5,retrospective
DEMO_A,2024-01-19,segment:11:00–11:30,0.2,4.666708850454076,3.6123484842308,0.2,False,0.025332077601458367,30,240,5,5,retrospective
DEMO_A,2024-01-19,segment:13:00–13:30,0.2,4.306686188046404,3.6123484842308,0.2,False,0.025332077601458367,30,240,5,5,retrospective
DEMO_A,2024-01-19,segment:13:30–14:00,0.2,3.493034971005134,3.6123484842308,0.2,False,0.025332077601458367,30,240,5,5,retrospective
DEMO_A,2024-01-19,segment:14:00–14:30,0.2,4.698907103658117,3.6123484842308,0.2,False,0.025332077601458367,30,240,5,5,retrospective
DEMO_A,2024-01-19,segment:14:30–15:00,0.2,4.196030165959256,3.6123484842308,0.2,False,0.025332077601458367,30,240,5,5,retrospective
DEMO_A,2024-01-22,primary,0.2,8.075337985138894,4.574434514275269,0.2,False,0.03251910239873463,52,240,5,5,retrospective
DEMO_A,2024-01-22,control,0.2,6.357551490313457,4.574434514275269,0.2,False,0.03251910239873463,51,240,5,5,retrospective
DEMO_A,2024-01-22,segment:09:30–10:00,0.2,7.162228206901886,4.574434514275269,0.2,False,0.03251910239873463,30,240,5,5,retrospective
DEMO_A,2024-01-22,segment:10:00–10:30,0.2,7.280388952249276,4.574434514275269,0.2,False,0.03251910239873463,30,240,5,5,retrospective
DEMO_A,2024-01-22,segment:10:30–11:00,0.2,2.7498733275314016,4.574434514275269,0.2,False,0.03251910239873463,30,240,5,5,retrospective
DEMO_A,2024-01-22,segment:11:00–11:30,0.2,3.893726484132406,4.574434514275269,0.2,False,0.03251910239873463,30,240,5,5,retrospective
DEMO_A,2024-01-22,segment:13:00–13:30,0.2,6.357551490313457,4.574434514275269,0.2,False,0.03251910239873463,30,240,5,5,retrospective
DEMO_A,2024-01-22,segment:13:30–14:00,0.2,8.075337985138894,4.574434514275269,0.2,False,0.03251910239873463,30,240,5,5,retrospective
DEMO_A,2024-01-22,segment:14:00–14:30,0.2,8.355604116878217,4.574434514275269,0.2,False,0.03251910239873463,30,240,5,5,retrospective
DEMO_A,2024-01-22,segment:14:30–15:00,0.2,2.4444376645436336,4.574434514275269,0.2,False,0.03251910239873463,30,240,5,5,retrospective
DEMO_A,2024-01-23,primary,0.6802739063322429,30.0,9.58198113472935,26.92658892689148,True,0.08492666606513008,52,240,5,5,retrospective
DEMO_A,2024-01-23,control,-0.17685334417467127,4.77939495956536,9.58198113472935,-0.17685334417467127,False,0.08492666606513008,51,240,5,5,retrospective
DEMO_A,2024-01-23,segment:09:30–10:00,-0.07634420768983807,3.4398278818901957,9.58198113472935,-0.07634420768983807,False,0.08492666606513008,30,240,5,5,retrospective
DEMO_A,2024-01-23,segment:10:00–10:30,0.5616142522473259,30.0,9.58198113472935,22.22980473744878,True,0.08492666606513008,30,240,5,5,retrospective
DEMO_A,2024-01-23,segment:10:30–11:00,0.6802739063322429,30.0,9.58198113472935,26.92658892689148,True,0.08492666606513008,30,240,5,5,retrospective
DEMO_A,2024-01-23,segment:11:00–11:30,-0.20486725568984895,2.089404986874083,9.58198113472935,-0.20486725568984895,False,0.08492666606513008,30,240,5,5,retrospective
DEMO_A,2024-01-23,segment:13:00–13:30,-0.1570437211229498,6.564225328801732,9.58198113472935,-0.1570437211229498,False,0.08492666606513008,30,240,5,5,retrospective
DEMO_A,2024-01-23,segment:13:30–14:00,-0.1608349331463032,4.467207675742577,9.58198113472935,-0.1608349331463032,False,0.08492666606513008,30,240,5,5,retrospective
DEMO_A,2024-01-23,segment:14:00–14:30,0.004388920036071409,10.680638627925708,9.58198113472935,0.004388920036071409,False,0.08492666606513008,30,240,5,5,retrospective
DEMO_A,2024-01-23,segment:14:30–15:00,0.08167898377117054,6.204458881322078,9.58198113472935,0.08167898377117054,False,0.08492666606513008,30,240,5,5,retrospective
DEMO_A,2024-01-24,primary,0.2,5.0169419207819566,4.20920447230727,0.2,False,0.03389312592212483,52,240,5,5,retrospective
DEMO_A,2024-01-24,control,0.2,5.908985774668841,4.20920447230727,0.2,False,0.03389312592212483,51,240,5,5,retrospective
DEMO_A,2024-01-24,segment:09:30–10:00,0.2,12.732108109778647,4.20920447230727,0.2,False,0.03389312592212483,30,240,5,5,retrospective
DEMO_A,2024-01-24,segment:10:00–10:30,0.2,3.5917590409488875,4.20920447230727,0.2,False,0.03389312592212483,30,240,5,5,retrospective
DEMO_A,2024-01-24,segment:10:30–11:00,0.2,4.4922062556109115,4.20920447230727,0.2,False,0.03389312592212483,30,240,5,5,retrospective
DEMO_A,2024-01-24,segment:11:00–11:30,0.2,5.908985774668841,4.20920447230727,0.2,False,0.03389312592212483,30,240,5,5,retrospective
DEMO_A,2024-01-24,segment:13:00–13:30,0.2,2.671184421849743,4.20920447230727,0.2,False,0.03389312592212483,30,240,5,5,retrospective
DEMO_A,2024-01-24,segment:13:30–14:00,0.2,5.0169419207819566,4.20920447230727,0.2,False,0.03389312592212483,30,240,5,5,retrospective
DEMO_A,2024-01-24,segment:14:00–14:30,0.2,2.8967197820060306,4.20920447230727,0.2,False,0.03389312592212483,30,240,5,5,retrospective
DEMO_A,2024-01-24,segment:14:30–15:00,0.2,8.588370250178233,4.20920447230727,0.2,False,0.03389312592212483,30,240,5,5,retrospective
DEMO_A,2024-01-25,primary,0.4790117652452514,4.6532771637887,2.7638482134267917,3.5528903199853437,False,0.04189942495012324,52,240,5,5,retrospective
DEMO_A,2024-01-25,control,0.2723711600524339,4.23443365748181,2.7638482134267917,0.2723711600524339,False,0.04189942495012324,51,240,5,5,retrospective
DEMO_A,2024-01-25,segment:09:30–10:00,0.7248218480898297,6.505226438535157,2.7638482134267917,6.718427819317656,False,0.04189942495012324,30,240,5,5,retrospective
DEMO_A,2024-01-25,segment:10:00–10:30,0.5947334016611315,4.463212590395344,2.7638482134267917,4.2981744558689705,False,0.04189942495012324,30,240,5,5,retrospective
DEMO_A,2024-01-25,segment:10:30–11:00,0.4182558537254846,3.336584260387199,2.7638482134267917,2.5515415924297407,False,0.04189942495012324,30,240,5,5,retrospective
DEMO_A,2024-01-25,segment:11:00–11:30,0.2723711600524339,1.6398296568180675,2.7638482134267917,0.2723711600524339,False,0.04189942495012324,30,240,5,5,retrospective
DEMO_A,2024-01-25,segment:13:00–13:30,0.03095804544875355,4.23443365748181,2.7638482134267917,0.03095804544875355,False,0.04189942495012324,30,240,5,5,retrospective
DEMO_A,2024-01-25,segment:13:30–14:00,0.12623293443798142,4.6532771637887,2.7638482134267917,0.12623293443798142,False,0.04189942495012324,30,240,5,5,retrospective
DEMO_A,2024-01-25,segment:14:00–14:30,-0.0521666270724884,3.536968166544585,2.7638482134267917,-0.0521666270724884,False,0.04189942495012324,30,240,5,5,retrospective
DEMO_A,2024-01-25,segment:14:30–15:00,-0.07133364184253765,3.2192271426779024,2.7638482134267917,-0.07133364184253765,False,0.04189942495012324,30,240,5,5,retrospective
DEMO_A,2024-01-26,primary,0.8207973131072893,30.0,11.388622017726123,33.971669745362796,True,0.10510596365670268,52,240,5,5,retrospective
DEMO_A,2024-01-26,control,0.0853856256181722,4.988410065301258,11.388622017726123,0.0853856256181722,False,0.10510596365670268,51,240,5,5,retrospective
DEMO_A,2024-01-26,segment:09:30–10:00,0.09636166241927699,4.012422621334743,11.388622017726123,0.09636166241927699,False,0.10510596365670268,30,240,5,5,retrospective
DEMO_A,2024-01-26,segment:10:00–10:30,0.6825558900495761,30.0,11.388622017726123,28.25004773923453,True,0.10510596365670268,30,240,5,5,retrospective
DEMO_A,2024-01-26,segment:10:30–11:00,0.8207973131072893,30.0,11.388622017726123,33.971669745362796,True,0.10510596365670268,30,240,5,5,retrospective
DEMO_A,2024-01-26,segment:11:00–11:30,0.06414634380613059,1.3840008787774707,11.388622017726123,0.06414634380613059,False,0.10510596365670268,30,240,5,5,retrospective
DEMO_A,2024-01-26,segment:13:00–13:30,-0.07811637306914286,4.988410065301258,11.388622017726123,-0.07811637306914286,False,0.10510596365670268,30,240,5,5,retrospective
DEMO_A,2024-01-26,segment:13:30–14:00,-0.03515559862325431,4.330466613241535,11.388622017726123,-0.03515559862325431,False,0.10510596365670268,30,240,5,5,retrospective
DEMO_A,2024-01-26,segment:14:00–14:30,-0.055599806639818575,4.8069292292785875,11.388622017726123,-0.055599806639818575,False,0.10510596365670268,30,240,5,5,retrospective
DEMO_A,2024-01-26,segment:14:30–15:00,0.004243130406793597,6.557847217606161,11.388622017726123,0.004243130406793597,False,0.10510596365670268,30,240,5,5,retrospective
DEMO_A,2024-01-29,primary,0.2,6.681235394849925,5.519684982387672,0.2,False,0.02915567143938193,52,240,5,4,retrospective
DEMO_A,2024-01-29,control,0.2,3.877845792925888,5.519684982387672,0.2,False,0.02915567143938193,51,240,5,4,retrospective
DEMO_A,2024-01-29,segment:09:30–10:00,0.2,11.630840082817642,5.519684982387672,0.2,False,0.02915567143938193,30,240,5,4,retrospective
DEMO_A,2024-01-29,segment:10:00–10:30,0.2,8.136376615775918,5.519684982387672,0.2,False,0.02915567143938193,30,240,5,4,retrospective
DEMO_A,2024-01-29,segment:10:30–11:00,0.2,5.774877352121169,5.519684982387672,0.2,False,0.02915567143938193,30,240,5,4,retrospective
DEMO_A,2024-01-29,segment:11:00–11:30,0.2,3.877845792925888,5.519684982387672,0.2,False,0.02915567143938193,30,240,5,4,retrospective
DEMO_A,2024-01-29,segment:13:00–13:30,0.2,1.9900050199675052,5.519684982387672,0.2,False,0.02915567143938193,30,240,5,4,retrospective
DEMO_A,2024-01-29,segment:13:30–14:00,0.2,6.681235394849925,5.519684982387672,0.2,False,0.02915567143938193,30,240,5,4,retrospective
DEMO_A,2024-01-29,segment:14:00–14:30,0.2,5.940777703685335,5.519684982387672,0.2,False,0.02915567143938193,30,240,5,4,retrospective
DEMO_A,2024-01-29,segment:14:30–15:00,0.2,4.553967980432894,5.519684982387672,0.2,False,0.02915567143938193,30,240,5,4,retrospective
DEMO_A,2024-01-30,primary,0.2,7.404988471269451,5.841569590610235,0.2,False,0.025056502194081686,52,240,5,3,retrospective
DEMO_A,2024-01-30,control,0.2,4.169797406010824,5.841569590610235,0.2,False,0.025056502194081686,51,240,5,3,retrospective
DEMO_A,2024-01-30,segment:09:30–10:00,0.2,5.5979770047402955,5.841569590610235,0.2,False,0.025056502194081686,30,240,5,3,retrospective
DEMO_A,2024-01-30,segment:10:00–10:30,0.2,7.404988471269451,5.841569590610235,0.2,False,0.025056502194081686,30,240,5,3,retrospective
DEMO_A,2024-01-30,segment:10:30–11:00,0.2,3.0055097703881857,5.841569590610235,0.2,False,0.025056502194081686,30,240,5,3,retrospective
DEMO_A,2024-01-30,segment:11:00–11:30,0.2,4.169797406010824,5.841569590610235,0.2,False,0.025056502194081686,30,240,5,3,retrospective
DEMO_A,2024-01-30,segment:13:00–13:30,0.2,4.070010776029561,5.841569590610235,0.2,False,0.025056502194081686,30,240,5,3,retrospective
DEMO_A,2024-01-30,segment:13:30–14:00,0.2,5.180236291828201,5.841569590610235,0.2,False,0.025056502194081686,30,240,5,3,retrospective
DEMO_A,2024-01-30,segment:14:00–14:30,0.2,5.353936493221183,5.841569590610235,0.2,False,0.025056502194081686,30,240,5,3,retrospective
DEMO_A,2024-01-30,segment:14:30–15:00,0.2,10.164737271001146,5.841569590610235,0.2,False,0.025056502194081686,30,240,5,3,retrospective
DEMO_A,2024-01-31,primary,0.8103565127350506,30.0,13.223391792209881,35.02635704131601,True,0.09493212041735216,52,240,5,2,retrospective
DEMO_A,2024-01-31,control,-0.022816876604673294,5.240343459051055,13.223391792209881,-0.022816876604673294,False,0.09493212041735216,51,240,5,2,retrospective
DEMO_A,2024-01-31,segment:09:30–10:00,-0.016059719414211904,3.5462697460840737,13.223391792209881,-0.016059719414211904,False,0.09493212041735216,30,240,5,2,retrospective
DEMO_A,2024-01-31,segment:10:00–10:30,0.638372877968807,30.0,13.223391792209881,27.592641013966333,True,0.09493212041735216,30,240,5,2,retrospective
DEMO_A,2024-01-31,segment:10:30–11:00,0.8103565127350506,30.0,13.223391792209881,35.02635704131601,True,0.09493212041735216,30,240,5,2,retrospective
DEMO_A,2024-01-31,segment:11:00–11:30,-0.022816876604673294,5.240343459051055,13.223391792209881,-0.022816876604673294,False,0.09493212041735216,30,240,5,2,retrospective
DEMO_A,2024-01-31,segment:13:00–13:30,-0.06500778007162752,2.7575664047120148,13.223391792209881,-0.06500778007162752,False,0.09493212041735216,30,240,5,2,retrospective
DEMO_A,2024-01-31,segment:13:30–14:00,-0.08355851073668596,2.7093993059396837,13.223391792209881,-0.08355851073668596,False,0.09493212041735216,30,240,5,2,retrospective
DEMO_A,2024-01-31,segment:14:00–14:30,-0.04811020834376481,5.161973220474849,13.223391792209881,-0.04811020834376481,False,0.09493212041735216,30,240,5,2,retrospective
DEMO_A,2024-01-31,segment:14:30–15:00,0.013163763760477416,6.46228748118347,13.223391792209881,0.013163763760477416,False,0.09493212041735216,30,240,5,2,retrospective
DEMO_A,2024-02-01,primary,0.3179739633801816,4.631575953694342,2.0,0.3179739633801816,False,0.043703646110349985,52,240,5,1,retrospective
DEMO_A,2024-02-01,control,0.2697191654520688,6.544782019768489,2.0,0.2697191654520688,False,0.043703646110349985,51,240,5,1,retrospective
DEMO_A,2024-02-01,segment:09:30–10:00,0.7206153259850185,9.376321755178243,2.0,8.197951810118228,True,0.043703646110349985,30,240,5,1,retrospective
DEMO_A,2024-02-01,segment:10:00–10:30,0.43180400663069496,1.604233377982001,2.0,1.556322413444712,False,0.043703646110349985,30,240,5,1,retrospective
DEMO_A,2024-02-01,segment:10:30–11:00,0.26578770953138336,2.7835719713214937,2.0,0.26578770953138336,False,0.043703646110349985,30,240,5,1,retrospective
DEMO_A,2024-02-01,segment:11:00–11:30,0.2697191654520688,6.544782019768489,2.0,0.2697191654520688,False,0.043703646110349985,30,240,5,1,retrospective
DEMO_A,2024-02-01,segment:13:00–13:30,0.24434013306703825,4.567094697048963,2.0,0.24434013306703825,False,0.043703646110349985,30,240,5,1,retrospective
DEMO_A,2024-02-01,segment:13:30–14:00,0.14126311656526816,4.631575953694342,2.0,0.14126311656526816,False,0.043703646110349985,30,240,5,1,retrospective
DEMO_A,2024-02-01,segment:14:00–14:30,0.11652508242817547,3.1603024026770528,2.0,0.11652508242817547,False,0.043703646110349985,30,240,5,1,retrospective
DEMO_A,2024-02-01,segment:14:30–15:00,0.04899760384539067,5.102341550991168,2.0,0.04899760384539067,False,0.043703646110349985,30,240,5,1,retrospective
DEMO_A,2024-02-02,primary,0.2,8.104544087766502,3.3378397599595946,0.2,False,0.022584902155660887,52,240,5,0,retrospective
DEMO_A,2024-02-02,control,0.2,5.6438309268544495,3.3378397599595946,0.2,False,0.022584902155660887,51,240,5,0,retrospective
DEMO_A,2024-02-02,segment:09:30–10:00,0.2,6.425798442119338,3.3378397599595946,0.2,False,0.022584902155660887,30,240,5,0,retrospective
DEMO_A,2024-02-02,segment:10:00–10:30,0.2,10.063451171784264,3.3378397599595946,0.2,False,0.022584902155660887,30,240,5,0,retrospective
DEMO_A,2024-02-02,segment:10:30–11:00,0.2,4.746464359378721,3.3378397599595946,0.2,False,0.022584902155660887,30,240,5,0,retrospective
DEMO_A,2024-02-02,segment:11:00–11:30,0.2,3.1412733504097856,3.3378397599595946,0.2,False,0.022584902155660887,30,240,5,0,retrospective
DEMO_A,2024-02-02,segment:13:00–13:30,0.2,5.6438309268544495,3.3378397599595946,0.2,False,0.022584902155660887,30,240,5,0,retrospective
DEMO_A,2024-02-02,segment:13:30–14:00,0.2,8.104544087766502,3.3378397599595946,0.2,False,0.022584902155660887,30,240,5,0,retrospective
DEMO_A,2024-02-02,segment:14:00–14:30,0.2,7.135322812993444,3.3378397599595946,0.2,False,0.022584902155660887,30,240,5,0,retrospective
DEMO_A,2024-02-02,segment:14:30–15:00,0.2,3.521142185166405,3.3378397599595946,0.2,False,0.022584902155660887,30,240,5,0,retrospective
DEMO_B,2024-01-02,primary,0.05278732330067962,5.296809523809542,8.832084388389276,0.05278732330067962,False,0.09579649999999999,52,240,0,5,retrospective
DEMO_B,2024-01-02,control,0.7798985881768941,30.0,8.832084388389276,30.285087790470804,True,0.09579649999999999,51,240,0,5,retrospective
DEMO_B,2024-01-02,segment:09:30–10:00,0.10920751759647501,8.137857142857133,8.832084388389276,0.10920751759647501,False,0.09579649999999999,30,240,0,5,retrospective
DEMO_B,2024-01-02,segment:10:00–10:30,0.047116075245836504,2.14080952380953,8.832084388389276,0.047116075245836504,False,0.09579649999999999,30,240,0,5,retrospective
DEMO_B,2024-01-02,segment:10:30–11:00,0.34498708305927445,19.41542857142857,8.832084388389276,0.34498708305927445,False,0.09579649999999999,30,240,0,5,retrospective
DEMO_B,2024-01-02,segment:11:00–11:30,0.7798985881768941,30.0,8.832084388389276,30.285087790470804,True,0.09579649999999999,30,240,0,5,retrospective
DEMO_B,2024-01-02,segment:13:00–13:30,0.051403437369863414,2.055047619047607,8.832084388389276,0.051403437369863414,False,0.09579649999999999,30,240,0,5,retrospective
DEMO_B,2024-01-02,segment:13:30–14:00,-0.12497118413062354,4.672190476190522,8.832084388389276,-0.12497118413062354,False,0.09579649999999999,30,240,0,5,retrospective
DEMO_B,2024-01-02,segment:14:00–14:30,-0.08357166983283076,5.298047619047639,8.832084388389276,-0.08357166983283076,False,0.09579649999999999,30,240,0,5,retrospective
DEMO_B,2024-01-02,segment:14:30–15:00,-0.016233987498775474,5.386380952380927,8.832084388389276,-0.016233987498775474,False,0.09579649999999999,30,240,0,5,retrospective
DEMO_B,2024-01-03,primary,0.2,3.1312685417545225,2.668515018138512,0.2,False,0.02719424541246107,52,240,1,5,retrospective
DEMO_B,2024-01-03,control,0.2,4.913177612159866,2.668515018138512,0.2,False,0.02719424541246107,51,240,1,5,retrospective
DEMO_B,2024-01-03,segment:09:30–10:00,0.2,3.3237497955093622,2.668515018138512,0.2,False,0.02719424541246107,30,240,1,5,retrospective
DEMO_B,2024-01-03,segment:10:00–10:30,0.2,3.1312685417545225,2.668515018138512,0.2,False,0.02719424541246107,30,240,1,5,retrospective
DEMO_B,2024-01-03,segment:10:30–11:00,0.2,1.6542675987575248,2.668515018138512,0.2,False,0.02719424541246107,30,240,1,5,retrospective
DEMO_B,2024-01-03,segment:11:00–11:30,0.2,4.913177612159866,2.668515018138512,0.2,False,0.02719424541246107,30,240,1,5,retrospective
DEMO_B,2024-01-03,segment:13:00–13:30,0.2,3.1283772941605426,2.668515018138512,0.2,False,0.02719424541246107,30,240,1,5,retrospective
DEMO_B,2024-01-03,segment:13:30–14:00,0.2,2.7775409877597244,2.668515018138512,0.2,False,0.02719424541246107,30,240,1,5,retrospective
DEMO_B,2024-01-03,segment:14:00–14:30,0.2,2.703790475363073,2.668515018138512,0.2,False,0.02719424541246107,30,240,1,5,retrospective
DEMO_B,2024-01-03,segment:14:30–15:00,0.2,3.839008034753315,2.668515018138512,0.2,False,0.02719424541246107,30,240,1,5,retrospective
DEMO_B,2024-01-04,primary,0.2,3.7492605205510663,4.525302841987918,0.2,False,0.024188748621640454,52,240,2,5,retrospective
DEMO_B,2024-01-04,control,0.2,7.651361347857048,4.525302841987918,0.2,False,0.024188748621640454,51,240,2,5,retrospective
DEMO_B,2024-01-04,segment:09:30–10:00,0.2,4.860161267764526,4.525302841987918,0.2,False,0.024188748621640454,30,240,2,5,retrospective
DEMO_B,2024-01-04,segment:10:00–10:30,0.2,3.916450256970428,4.525302841987918,0.2,False,0.024188748621640454,30,240,2,5,retrospective
DEMO_B,2024-01-04,segment:10:30–11:00,0.2,4.276177242078331,4.525302841987918,0.2,False,0.024188748621640454,30,240,2,5,retrospective
DEMO_B,2024-01-04,segment:11:00–11:30,0.2,7.651361347857048,4.525302841987918,0.2,False,0.024188748621640454,30,240,2,5,retrospective
DEMO_B,2024-01-04,segment:13:00–13:30,0.2,5.0312687760989405,4.525302841987918,0.2,False,0.024188748621640454,30,240,2,5,retrospective
DEMO_B,2024-01-04,segment:13:30–14:00,0.2,2.9533863969578023,4.525302841987918,0.2,False,0.024188748621640454,30,240,2,5,retrospective
DEMO_B,2024-01-04,segment:14:00–14:30,0.2,4.782089041892869,4.525302841987918,0.2,False,0.024188748621640454,30,240,2,5,retrospective
DEMO_B,2024-01-04,segment:14:30–15:00,0.2,4.939838364059321,4.525302841987918,0.2,False,0.024188748621640454,30,240,2,5,retrospective
DEMO_B,2024-01-05,primary,0.042220246089075625,8.152334124818864,12.506475664008867,0.042220246089075625,False,0.1022738517424892,52,240,3,5,retrospective
DEMO_B,2024-01-05,control,0.8278122838849784,30.0,12.506475664008867,35.18738269932444,True,0.1022738517424892,51,240,3,5,retrospective
DEMO_B,2024-01-05,segment:09:30–10:00,-0.007245402344444509,12.026500861712847,12.506475664008867,-0.007245402344444509,False,0.1022738517424892,30,240,3,5,retrospective
DEMO_B,2024-01-05,segment:10:00–10:30,-0.07258080232484632,5.671160315184498,12.506475664008867,-0.07258080232484632,False,0.1022738517424892,30,240,3,5,retrospective
DEMO_B,2024-01-05,segment:10:30–11:00,0.32836506136754234,19.95836619426451,12.506475664008867,0.32836506136754234,False,0.1022738517424892,30,240,3,5,retrospective
DEMO_B,2024-01-05,segment:11:00–11:30,0.8278122838849784,30.0,12.506475664008867,35.18738269932444,True,0.1022738517424892,30,240,3,5,retrospective
DEMO_B,2024-01-05,segment:13:00–13:30,0.20291562774017627,2.5433784288590515,12.506475664008867,0.20291562774017627,False,0.1022738517424892,30,240,3,5,retrospective
DEMO_B,2024-01-05,segment:13:30–14:00,0.042220246089075625,2.958954220835133,12.506475664008867,0.042220246089075625,False,0.1022738517424892,30,240,3,5,retrospective
DEMO_B,2024-01-05,segment:14:00–14:30,0.03745435183865227,3.641887536589316,12.506475664008867,0.03745435183865227,False,0.1022738517424892,30,240,3,5,retrospective
DEMO_B,2024-01-05,segment:14:30–15:00,-0.020398884014454582,2.658800464379543,12.506475664008867,-0.020398884014454582,False,0.1022738517424892,30,240,3,5,retrospective
DEMO_B,2024-01-08,primary,0.2,4.097863653344357,4.638121691134403,0.2,False,0.020657882537803013,52,240,4,5,retrospective
DEMO_B,2024-01-08,control,0.2,6.024352723062114,4.638121691134403,0.2,False,0.020657882537803013,51,240,4,5,retrospective
DEMO_B,2024-01-08,segment:09:30–10:00,0.2,7.663944370127133,4.638121691134403,0.2,False,0.020657882537803013,30,240,4,5,retrospective
DEMO_B,2024-01-08,segment:10:00–10:30,0.2,2.5695601200512033,4.638121691134403,0.2,False,0.020657882537803013,30,240,4,5,retrospective
DEMO_B,2024-01-08,segment:10:30–11:00,0.2,9.406863238250658,4.638121691134403,0.2,False,0.020657882537803013,30,240,4,5,retrospective
DEMO_B,2024-01-08,segment:11:00–11:30,0.2,3.8437256564589912,4.638121691134403,0.2,False,0.020657882537803013,30,240,4,5,retrospective
DEMO_B,2024-01-08,segment:13:00–13:30,0.2,5.357469444966591,4.638121691134403,0.2,False,0.020657882537803013,30,240,4,5,retrospective
DEMO_B,2024-01-08,segment:13:30–14:00,0.2,4.097863653344357,4.638121691134403,0.2,False,0.020657882537803013,30,240,4,5,retrospective
DEMO_B,2024-01-08,segment:14:00–14:30,0.2,4.860559445512303,4.638121691134403,0.2,False,0.020657882537803013,30,240,4,5,retrospective
DEMO_B,2024-01-08,segment:14:30–15:00,0.2,7.4173445636872275,4.638121691134403,0.2,False,0.020657882537803013,30,240,4,5,retrospective
DEMO_B,2024-01-09,primary,0.2,5.956629214949715,4.288289378558819,0.2,False,0.027719045498856888,52,240,5,5,retrospective
DEMO_B,2024-01-09,control,0.2,3.608026678532211,4.288289378558819,0.2,False,0.027719045498856888,51,240,5,5,retrospective
DEMO_B,2024-01-09,segment:09:30–10:00,0.2,10.293799275192578,4.288289378558819,0.2,False,0.027719045498856888,30,240,5,5,retrospective
DEMO_B,2024-01-09,segment:10:00–10:30,0.2,2.968971280443839,4.288289378558819,0.2,False,0.027719045498856888,30,240,5,5,retrospective
DEMO_B,2024-01-09,segment:10:30–11:00,0.2,2.9212686660540883,4.288289378558819,0.2,False,0.027719045498856888,30,240,5,5,retrospective
DEMO_B,2024-01-09,segment:11:00–11:30,0.2,3.608026678532211,4.288289378558819,0.2,False,0.027719045498856888,30,240,5,5,retrospective
DEMO_B,2024-01-09,segment:13:00–13:30,0.2,3.3157542626112932,4.288289378558819,0.2,False,0.027719045498856888,30,240,5,5,retrospective
DEMO_B,2024-01-09,segment:13:30–14:00,0.2,5.956629214949715,4.288289378558819,0.2,False,0.027719045498856888,30,240,5,5,retrospective
DEMO_B,2024-01-09,segment:14:00–14:30,0.2,4.17839218995517,4.288289378558819,0.2,False,0.027719045498856888,30,240,5,5,retrospective
DEMO_B,2024-01-09,segment:14:30–15:00,0.2,2.460910266358479,4.288289378558819,0.2,False,0.027719045498856888,30,240,5,5,retrospective
DEMO_B,2024-01-10,primary,0.0777190918780853,7.4650768045759825,11.565147580868585,0.0777190918780853,False,0.09960570049384924,52,240,5,5,retrospective
DEMO_B,2024-01-10,control,0.8853340187431288,30.0,11.565147580868585,36.79903914742162,True,0.09960570049384924,51,240,5,5,retrospective
DEMO_B,2024-01-10,segment:09:30–10:00,0.003980282283821293,6.8220957492241725,11.565147580868585,0.003980282283821293,False,0.09960570049384924,30,240,5,5,retrospective
DEMO_B,2024-01-10,segment:10:00–10:30,0.06286698292108861,7.4650768045759825,11.565147580868585,0.06286698292108861,False,0.09960570049384924,30,240,5,5,retrospective
DEMO_B,2024-01-10,segment:10:30–11:00,0.38946046979700527,23.95670882545554,11.565147580868585,0.38946046979700527,False,0.09960570049384924,30,240,5,5,retrospective
DEMO_B,2024-01-10,segment:11:00–11:30,0.8853340187431288,30.0,11.565147580868585,36.79903914742162,True,0.09960570049384924,30,240,5,5,retrospective
DEMO_B,2024-01-10,segment:13:00–13:30,0.15295443904790093,1.7406744771612168,11.565147580868585,0.15295443904790093,False,0.09960570049384924,30,240,5,5,retrospective
DEMO_B,2024-01-10,segment:13:30–14:00,0.046016422887561,6.683467943095434,11.565147580868585,0.046016422887561,False,0.09960570049384924,30,240,5,5,retrospective
DEMO_B,2024-01-10,segment:14:00–14:30,0.05553083396392194,4.279786827194792,11.565147580868585,0.05553083396392194,False,0.09960570049384924,30,240,5,5,retrospective
DEMO_B,2024-01-10,segment:14:30–15:00,-0.02595754840213749,3.3274904228000373,11.565147580868585,-0.02595754840213749,False,0.09960570049384924,30,240,5,5,retrospective
DEMO_B,2024-01-11,primary,0.2,3.742955123257603,3.7744852039141255,0.2,False,0.025844602225708946,52,240,5,5,retrospective
DEMO_B,2024-01-11,control,0.2,6.548969595052791,3.7744852039141255,0.2,False,0.025844602225708946,51,240,5,5,retrospective
DEMO_B,2024-01-11,segment:09:30–10:00,0.2,12.667716630291139,3.7744852039141255,0.2,False,0.025844602225708946,30,240,5,5,retrospective
DEMO_B,2024-01-11,segment:10:00–10:30,0.2,2.987331977010474,3.7744852039141255,0.2,False,0.025844602225708946,30,240,5,5,retrospective
DEMO_B,2024-01-11,segment:10:30–11:00,0.2,3.742955123257603,3.7744852039141255,0.2,False,0.025844602225708946,30,240,5,5,retrospective
DEMO_B,2024-01-11,segment:11:00–11:30,0.2,6.548969595052791,3.7744852039141255,0.2,False,0.025844602225708946,30,240,5,5,retrospective
DEMO_B,2024-01-11,segment:13:00–13:30,0.2,0.9637117309951797,3.7744852039141255,0.2,False,0.025844602225708946,30,240,5,5,retrospective
DEMO_B,2024-01-11,segment:13:30–14:00,0.2,3.7727897946382676,3.7744852039141255,0.2,False,0.025844602225708946,30,240,5,5,retrospective
DEMO_B,2024-01-11,segment:14:00–14:30,0.2,3.479533356517624,3.7744852039141255,0.2,False,0.025844602225708946,30,240,5,5,retrospective
DEMO_B,2024-01-11,segment:14:30–15:00,0.2,2.502624614485275,3.7744852039141255,0.2,False,0.025844602225708946,30,240,5,5,retrospective
DEMO_B,2024-01-12,primary,0.2,3.672391057795907,2.650503329329289,0.2,False,0.026789639536868342,52,240,5,5,retrospective
DEMO_B,2024-01-12,control,0.2,6.594209043707632,2.650503329329289,0.2,False,0.026789639536868342,51,240,5,5,retrospective
DEMO_B,2024-01-12,segment:09:30–10:00,0.2,6.359882638095469,2.650503329329289,0.2,False,0.026789639536868342,30,240,5,5,retrospective
DEMO_B,2024-01-12,segment:10:00–10:30,0.2,2.3222584183109958,2.650503329329289,0.2,False,0.026789639536868342,30,240,5,5,retrospective
DEMO_B,2024-01-12,segment:10:30–11:00,0.2,4.103432422935312,2.650503329329289,0.2,False,0.026789639536868342,30,240,5,5,retrospective
DEMO_B,2024-01-12,segment:11:00–11:30,0.2,6.594209043707632,2.650503329329289,0.2,False,0.026789639536868342,30,240,5,5,retrospective
DEMO_B,2024-01-12,segment:13:00–13:30,0.2,5.254815773105051,2.650503329329289,0.2,False,0.026789639536868342,30,240,5,5,retrospective
DEMO_B,2024-01-12,segment:13:30–14:00,0.2,2.5884244506097405,2.650503329329289,0.2,False,0.026789639536868342,30,240,5,5,retrospective
DEMO_B,2024-01-12,segment:14:00–14:30,0.2,4.9780049919141405,2.650503329329289,0.2,False,0.026789639536868342,30,240,5,5,retrospective
DEMO_B,2024-01-12,segment:14:30–15:00,0.2,3.5403488615381886,2.650503329329289,0.2,False,0.026789639536868342,30,240,5,5,retrospective
DEMO_B,2024-01-15,primary,0.014451404638407547,9.0889148429148,11.665672270324471,0.014451404638407547,False,0.10307933491794832,52,240,5,5,retrospective
DEMO_B,2024-01-15,control,0.7290991965085062,30.0,11.665672270324471,30.37840817428032,True,0.10307933491794832,51,240,5,5,retrospective
DEMO_B,2024-01-15,segment:09:30–10:00,-0.1438050510122751,1.4928950854125629,11.665672270324471,-0.1438050510122751,False,0.10307933491794832,30,240,5,5,retrospective
DEMO_B,2024-01-15,segment:10:00–10:30,-0.10322193321307488,9.0889148429148,11.665672270324471,-0.10322193321307488,False,0.10307933491794832,30,240,5,5,retrospective
DEMO_B,2024-01-15,segment:10:30–11:00,0.30062517816851025,23.455380619338072,11.665672270324471,0.30062517816851025,False,0.10307933491794832,30,240,5,5,retrospective
DEMO_B,2024-01-15,segment:11:00–11:30,0.7290991965085062,30.0,11.665672270324471,30.37840817428032,True,0.10307933491794832,30,240,5,5,retrospective
DEMO_B,2024-01-15,segment:13:00–13:30,0.1844601182108343,2.0036748771618957,11.665672270324471,0.1844601182108343,False,0.10307933491794832,30,240,5,5,retrospective
DEMO_B,2024-01-15,segment:13:30–14:00,0.025794954520152194,2.3807242693967026,11.665672270324471,0.025794954520152194,False,0.10307933491794832,30,240,5,5,retrospective
DEMO_B,2024-01-15,segment:14:00–14:30,-0.03427129629242311,4.210654178319358,11.665672270324471,-0.03427129629242311,False,0.10307933491794832,30,240,5,5,retrospective
DEMO_B,2024-01-15,segment:14:30–15:00,0.005138946996051777,5.172572094657181,11.665672270324471,0.005138946996051777,False,0.10307933491794832,30,240,5,5,retrospective
DEMO_B,2024-01-16,primary,0.2,8.899418507404157,4.736427656768348,0.2,False,0.02583741193704064,52,240,5,5,retrospective
DEMO_B,2024-01-16,control,0.2,7.93603385674397,4.736427656768348,0.2,False,0.02583741193704064,51,240,5,5,retrospective
DEMO_B,2024-01-16,segment:09:30–10:00,0.2,7.154477554106964,4.736427656768348,0.2,False,0.02583741193704064,30,240,5,5,retrospective
DEMO_B,2024-01-16,segment:10:00–10:30,0.2,8.899418507404157,4.736427656768348,0.2,False,0.02583741193704064,30,240,5,5,retrospective
DEMO_B,2024-01-16,segment:10:30–11:00,0.2,7.248734160986564,4.736427656768348,0.2,False,0.02583741193704064,30,240,5,5,retrospective
DEMO_B,2024-01-16,segment:11:00–11:30,0.2,7.93603385674397,4.736427656768348,0.2,False,0.02583741193704064,30,240,5,5,retrospective
DEMO_B,2024-01-16,segment:13:00–13:30,0.2,4.099159669402762,4.736427656768348,0.2,False,0.02583741193704064,30,240,5,5,retrospective
DEMO_B,2024-01-16,segment:13:30–14:00,0.2,5.71961887288477,4.736427656768348,0.2,False,0.02583741193704064,30,240,5,5,retrospective
DEMO_B,2024-01-16,segment:14:00–14:30,0.2,3.250277218994649,4.736427656768348,0.2,False,0.02583741193704064,30,240,5,5,retrospective
DEMO_B,2024-01-16,segment:14:30–15:00,0.2,6.644899788848962,4.736427656768348,0.2,False,0.02583741193704064,30,240,5,5,retrospective
DEMO_B,2024-01-17,primary,0.2,6.608610445731171,4.29017248442726,0.2,False,0.028581963194288858,52,240,5,5,retrospective
DEMO_B,2024-01-17,control,0.2,4.524879173442835,4.29017248442726,0.2,False,0.028581963194288858,51,240,5,5,retrospective
DEMO_B,2024-01-17,segment:09:30–10:00,0.2,3.009947304788795,4.29017248442726,0.2,False,0.028581963194288858,30,240,5,5,retrospective
DEMO_B,2024-01-17,segment:10:00–10:30,0.2,6.608610445731171,4.29017248442726,0.2,False,0.028581963194288858,30,240,5,5,retrospective
DEMO_B,2024-01-17,segment:10:30–11:00,0.2,6.086106855437469,4.29017248442726,0.2,False,0.028581963194288858,30,240,5,5,retrospective
DEMO_B,2024-01-17,segment:11:00–11:30,0.2,4.524879173442835,4.29017248442726,0.2,False,0.028581963194288858,30,240,5,5,retrospective
DEMO_B,2024-01-17,segment:13:00–13:30,0.2,4.434421878482917,4.29017248442726,0.2,False,0.028581963194288858,30,240,5,5,retrospective
DEMO_B,2024-01-17,segment:13:30–14:00,0.2,4.49423112918017,4.29017248442726,0.2,False,0.028581963194288858,30,240,5,5,retrospective
DEMO_B,2024-01-17,segment:14:00–14:30,0.2,4.48339160178838,4.29017248442726,0.2,False,0.028581963194288858,30,240,5,5,retrospective
DEMO_B,2024-01-17,segment:14:30–15:00,0.2,6.961566561113192,4.29017248442726,0.2,False,0.028581963194288858,30,240,5,5,retrospective
DEMO_B,2024-01-18,primary,-0.02134016872281476,7.512362224738364,10.722550419799285,-0.02134016872281476,False,0.10245114321695124,52,240,5,5,retrospective
DEMO_B,2024-01-18,control,0.6595619118250253,30.0,10.722550419799285,26.859043209273803,True,0.10245114321695124,51,240,5,5,retrospective
DEMO_B,2024-01-18,segment:09:30–10:00,-0.23904600509684387,2.8450447119717572,10.722550419799285,-0.23904600509684387,False,0.10245114321695124,30,240,5,5,retrospective
DEMO_B,2024-01-18,segment:10:00–10:30,-0.25825648374478116,4.069954402261331,10.722550419799285,-0.25825648374478116,False,0.10245114321695124,30,240,5,5,retrospective
DEMO_B,2024-01-18,segment:10:30–11:00,0.13937350027702905,21.400416695550348,10.722550419799285,0.13937350027702905,False,0.10245114321695124,30,240,5,5,retrospective
DEMO_B,2024-01-18,segment:11:00–11:30,0.6595619118250253,30.0,10.722550419799285,26.859043209273803,True,0.10245114321695124,30,240,5,5,retrospective
DEMO_B,2024-01-18,segment:13:00–13:30,-0.00417859165359747,4.866326224091269,10.722550419799285,-0.00417859165359747,False,0.10245114321695124,30,240,5,5,retrospective
DEMO_B,2024-01-18,segment:13:30–14:00,-0.02134016872281476,5.142069305481752,10.722550419799285,-0.02134016872281476,False,0.10245114321695124,30,240,5,5,retrospective
DEMO_B,2024-01-18,segment:14:00–14:30,-0.0033095529034902304,5.56969252335734,10.722550419799285,-0.0033095529034902304,False,0.10245114321695124,30,240,5,5,retrospective
DEMO_B,2024-01-18,segment:14:30–15:00,0.06882066335535704,5.827864685629791,10.722550419799285,0.06882066335535704,False,0.10245114321695124,30,240,5,5,retrospective
DEMO_B,2024-01-19,primary,0.2,8.116094864821505,4.832776361633778,0.2,False,0.03336400950413557,52,240,5,5,retrospective
DEMO_B,2024-01-19,control,0.2,8.86599971512396,4.832776361633778,0.2,False,0.03336400950413557,51,240,5,5,retrospective
DEMO_B,2024-01-19,segment:09:30–10:00,0.2,6.6311008401959874,4.832776361633778,0.2,False,0.03336400950413557,30,240,5,5,retrospective
DEMO_B,2024-01-19,segment:10:00–10:30,0.2,8.116094864821505,4.832776361633778,0.2,False,0.03336400950413557,30,240,5,5,retrospective
DEMO_B,2024-01-19,segment:10:30–11:00,0.2,6.997101122369444,4.832776361633778,0.2,False,0.03336400950413557,30,240,5,5,retrospective
DEMO_B,2024-01-19,segment:11:00–11:30,0.2,2.899963469948183,4.832776361633778,0.2,False,0.03336400950413557,30,240,5,5,retrospective
DEMO_B,2024-01-19,segment:13:00–13:30,0.2,8.86599971512396,4.832776361633778,0.2,False,0.03336400950413557,30,240,5,5,retrospective
DEMO_B,2024-01-19,segment:13:30–14:00,0.2,4.976378045474969,4.832776361633778,0.2,False,0.03336400950413557,30,240,5,5,retrospective
DEMO_B,2024-01-19,segment:14:00–14:30,0.2,3.7911239671284056,4.832776361633778,0.2,False,0.03336400950413557,30,240,5,5,retrospective
DEMO_B,2024-01-19,segment:14:30–15:00,0.2,7.877548003695037,4.832776361633778,0.2,False,0.03336400950413557,30,240,5,5,retrospective
DEMO_B,2024-01-22,primary,0.2,5.13185464558299,2.4267375076446474,0.2,False,0.032475160339962984,52,240,5,5,retrospective
DEMO_B,2024-01-22,control,0.2,2.8019382411768348,2.4267375076446474,0.2,False,0.032475160339962984,51,240,5,5,retrospective
DEMO_B,2024-01-22,segment:09:30–10:00,0.2,6.670188835546098,2.4267375076446474,0.2,False,0.032475160339962984,30,240,5,5,retrospective
DEMO_B,2024-01-22,segment:10:00–10:30,0.2,3.260095553625376,2.4267375076446474,0.2,False,0.032475160339962984,30,240,5,5,retrospective
DEMO_B,2024-01-22,segment:10:30–11:00,0.2,0.9608550131378532,2.4267375076446474,0.2,False,0.032475160339962984,30,240,5,5,retrospective
DEMO_B,2024-01-22,segment:11:00–11:30,0.2,2.1602088296875483,2.4267375076446474,0.2,False,0.032475160339962984,30,240,5,5,retrospective
DEMO_B,2024-01-22,segment:13:00–13:30,0.2,2.8019382411768348,2.4267375076446474,0.2,False,0.032475160339962984,30,240,5,5,retrospective
DEMO_B,2024-01-22,segment:13:30–14:00,0.2,5.13185464558299,2.4267375076446474,0.2,False,0.032475160339962984,30,240,5,5,retrospective
DEMO_B,2024-01-22,segment:14:00–14:30,0.2,3.133672347522688,2.4267375076446474,0.2,False,0.032475160339962984,30,240,5,5,retrospective
DEMO_B,2024-01-22,segment:14:30–15:00,0.2,10.031442277432165,2.4267375076446474,0.2,False,0.032475160339962984,30,240,5,5,retrospective
DEMO_B,2024-01-23,primary,0.15505420450788931,4.785412162252673,10.326606564221967,0.15505420450788931,False,0.11720102851816837,52,240,5,5,retrospective
DEMO_B,2024-01-23,control,0.8350553414775073,30.0,10.326606564221967,33.674948215115464,True,0.11720102851816837,51,240,5,5,retrospective
DEMO_B,2024-01-23,segment:09:30–10:00,0.16824984917275193,9.09748291144009,10.326606564221967,0.16824984917275193,False,0.11720102851816837,30,240,5,5,retrospective
DEMO_B,2024-01-23,segment:10:00–10:30,0.15505420450788931,4.785412162252673,10.326606564221967,0.15505420450788931,False,0.11720102851816837,30,240,5,5,retrospective
DEMO_B,2024-01-23,segment:10:30–11:00,0.4161796684872708,21.28129281494144,10.326606564221967,13.154565085199238,True,0.11720102851816837,30,240,5,5,retrospective
DEMO_B,2024-01-23,segment:11:00–11:30,0.8350553414775073,30.0,10.326606564221967,33.674948215115464,True,0.11720102851816837,30,240,5,5,retrospective
DEMO_B,2024-01-23,segment:13:00–13:30,0.2848331071715502,2.8757277219877535,10.326606564221967,0.2848331071715502,False,0.11720102851816837,30,240,5,5,retrospective
DEMO_B,2024-01-23,segment:13:30–14:00,0.08920574402036431,2.782787879051262,10.326606564221967,0.08920574402036431,False,0.11720102851816837,30,240,5,5,retrospective
DEMO_B,2024-01-23,segment:14:00–14:30,0.048679574254734265,3.209200706487595,10.326606564221967,0.048679574254734265,False,0.11720102851816837,30,240,5,5,retrospective
DEMO_B,2024-01-23,segment:14:30–15:00,-0.043279640667744715,3.9691830792997327,10.326606564221967,-0.043279640667744715,False,0.11720102851816837,30,240,5,5,retrospective
DEMO_B,2024-01-24,primary,0.2,3.545287938654407,5.055953676842718,0.2,False,0.03504193799181262,52,240,5,5,retrospective
DEMO_B,2024-01-24,control,0.2,2.4873770241194775,5.055953676842718,0.2,False,0.03504193799181262,51,240,5,5,retrospective
DEMO_B,2024-01-24,segment:09:30–10:00,0.2,8.889718207278229,5.055953676842718,0.2,False,0.03504193799181262,30,240,5,5,retrospective
DEMO_B,2024-01-24,segment:10:00–10:30,0.2,3.545287938654407,5.055953676842718,0.2,False,0.03504193799181262,30,240,5,5,retrospective
DEMO_B,2024-01-24,segment:10:30–11:00,0.2,3.287049369481192,5.055953676842718,0.2,False,0.03504193799181262,30,240,5,5,retrospective
DEMO_B,2024-01-24,segment:11:00–11:30,0.2,1.6831276891921063,5.055953676842718,0.2,False,0.03504193799181262,30,240,5,5,retrospective
DEMO_B,2024-01-24,segment:13:00–13:30,0.2,5.4183847842366655,5.055953676842718,0.2,False,0.03504193799181262,30,240,5,5,retrospective
DEMO_B,2024-01-24,segment:13:30–14:00,0.2,4.888128498355774,5.055953676842718,0.2,False,0.03504193799181262,30,240,5,5,retrospective
DEMO_B,2024-01-24,segment:14:00–14:30,0.2,8.447051048031812,5.055953676842718,0.2,False,0.03504193799181262,30,240,5,5,retrospective
DEMO_B,2024-01-24,segment:14:30–15:00,0.2,7.536326482158073,5.055953676842718,0.2,False,0.03504193799181262,30,240,5,5,retrospective
DEMO_B,2024-01-25,primary,0.2,4.252314594743069,4.436897298975459,0.2,False,0.037216119432224436,52,240,5,5,retrospective
DEMO_B,2024-01-25,control,0.2,3.970174594531854,4.436897298975459,0.2,False,0.037216119432224436,51,240,5,5,retrospective
DEMO_B,2024-01-25,segment:09:30–10:00,0.2,19.277806107014303,4.436897298975459,0.2,False,0.037216119432224436,30,240,5,5,retrospective
DEMO_B,2024-01-25,segment:10:00–10:30,0.2,4.553612842075497,4.436897298975459,0.2,False,0.037216119432224436,30,240,5,5,retrospective
DEMO_B,2024-01-25,segment:10:30–11:00,0.2,4.351995098561785,4.436897298975459,0.2,False,0.037216119432224436,30,240,5,5,retrospective
DEMO_B,2024-01-25,segment:11:00–11:30,0.2,3.970174594531854,4.436897298975459,0.2,False,0.037216119432224436,30,240,5,5,retrospective
DEMO_B,2024-01-25,segment:13:00–13:30,0.2,2.5309532932498824,4.436897298975459,0.2,False,0.037216119432224436,30,240,5,5,retrospective
DEMO_B,2024-01-25,segment:13:30–14:00,0.2,4.183700220968075,4.436897298975459,0.2,False,0.037216119432224436,30,240,5,5,retrospective
DEMO_B,2024-01-25,segment:14:00–14:30,0.2,4.371825564880242,4.436897298975459,0.2,False,0.037216119432224436,30,240,5,5,retrospective
DEMO_B,2024-01-25,segment:14:30–15:00,0.2,3.4831037704774443,4.436897298975459,0.2,False,0.037216119432224436,30,240,5,5,retrospective
DEMO_B,2024-01-26,primary,-0.1473246809202818,9.475585056168601,13.286959969117481,-0.1473246809202818,False,0.1140548376064257,52,240,5,5,retrospective
DEMO_B,2024-01-26,control,0.6606719538758747,30.0,13.286959969117481,28.598480420143623,True,0.1140548376064257,51,240,5,5,retrospective
DEMO_B,2024-01-26,segment:09:30–10:00,-0.2569786408824045,3.0034171400019045,13.286959969117481,-0.2569786408824045,False,0.1140548376064257,30,240,5,5,retrospective
DEMO_B,2024-01-26,segment:10:00–10:30,-0.19894522274828227,7.089393565281534,13.286959969117481,-0.19894522274828227,False,0.1140548376064257,30,240,5,5,retrospective
DEMO_B,2024-01-26,segment:10:30–11:00,0.19256342227930193,27.10242128155791,13.286959969117481,0.19256342227930193,False,0.1140548376064257,30,240,5,5,retrospective
DEMO_B,2024-01-26,segment:11:00–11:30,0.6606719538758747,30.0,13.286959969117481,28.598480420143623,True,0.1140548376064257,30,240,5,5,retrospective
DEMO_B,2024-01-26,segment:13:00–13:30,0.04975415614776545,2.292962210036906,13.286959969117481,0.04975415614776545,False,0.1140548376064257,30,240,5,5,retrospective
DEMO_B,2024-01-26,segment:13:30–14:00,-0.1614652020741595,6.962649553213055,13.286959969117481,-0.1614652020741595,False,0.1140548376064257,30,240,5,5,retrospective
DEMO_B,2024-01-26,segment:14:00–14:30,-0.06404846131683807,9.904200698641095,13.286959969117481,-0.06404846131683807,False,0.1140548376064257,30,240,5,5,retrospective
DEMO_B,2024-01-26,segment:14:30–15:00,0.08424938185912939,8.51063809442603,13.286959969117481,0.08424938185912939,False,0.1140548376064257,30,240,5,5,retrospective
DEMO_B,2024-01-29,primary,0.2,5.2818368751424005,3.5234833107205197,0.2,False,0.030574891907758896,52,240,5,4,retrospective
DEMO_B,2024-01-29,control,0.2,4.248957442973888,3.5234833107205197,0.2,False,0.030574891907758896,51,240,5,4,retrospective
DEMO_B,2024-01-29,segment:09:30–10:00,0.2,5.349587680454328,3.5234833107205197,0.2,False,0.030574891907758896,30,240,5,4,retrospective
DEMO_B,2024-01-29,segment:10:00–10:30,0.2,2.8427263096722846,3.5234833107205197,0.2,False,0.030574891907758896,30,240,5,4,retrospective
DEMO_B,2024-01-29,segment:10:30–11:00,0.2,3.208464415064656,3.5234833107205197,0.2,False,0.030574891907758896,30,240,5,4,retrospective
DEMO_B,2024-01-29,segment:11:00–11:30,0.2,4.248957442973888,3.5234833107205197,0.2,False,0.030574891907758896,30,240,5,4,retrospective
DEMO_B,2024-01-29,segment:13:00–13:30,0.2,4.168110573202643,3.5234833107205197,0.2,False,0.030574891907758896,30,240,5,4,retrospective
DEMO_B,2024-01-29,segment:13:30–14:00,0.2,5.2818368751424005,3.5234833107205197,0.2,False,0.030574891907758896,30,240,5,4,retrospective
DEMO_B,2024-01-29,segment:14:00–14:30,0.2,5.923996090894487,3.5234833107205197,0.2,False,0.030574891907758896,30,240,5,4,retrospective
DEMO_B,2024-01-29,segment:14:30–15:00,0.2,6.192422925726398,3.5234833107205197,0.2,False,0.030574891907758896,30,240,5,4,retrospective
DEMO_B,2024-01-30,primary,0.2,9.0098897582896,5.626971930956651,0.2,False,0.029102944760256377,52,240,5,3,retrospective
DEMO_B,2024-01-30,control,0.2,5.752538396556129,5.626971930956651,0.2,False,0.029102944760256377,51,240,5,3,retrospective
DEMO_B,2024-01-30,segment:09:30–10:00,0.2,10.076143015581655,5.626971930956651,0.2,False,0.029102944760256377,30,240,5,3,retrospective
DEMO_B,2024-01-30,segment:10:00–10:30,0.2,6.5217128732638665,5.626971930956651,0.2,False,0.029102944760256377,30,240,5,3,retrospective
DEMO_B,2024-01-30,segment:10:30–11:00,0.2,2.8164697785574155,5.626971930956651,0.2,False,0.029102944760256377,30,240,5,3,retrospective
DEMO_B,2024-01-30,segment:11:00–11:30,0.2,5.752538396556129,5.626971930956651,0.2,False,0.029102944760256377,30,240,5,3,retrospective
DEMO_B,2024-01-30,segment:13:00–13:30,0.2,1.835948758646981,5.626971930956651,0.2,False,0.029102944760256377,30,240,5,3,retrospective
DEMO_B,2024-01-30,segment:13:30–14:00,0.2,9.0098897582896,5.626971930956651,0.2,False,0.029102944760256377,30,240,5,3,retrospective
DEMO_B,2024-01-30,segment:14:00–14:30,0.2,9.240893140449984,5.626971930956651,0.2,False,0.029102944760256377,30,240,5,3,retrospective
DEMO_B,2024-01-30,segment:14:30–15:00,0.2,5.707872374539071,5.626971930956651,0.2,False,0.029102944760256377,30,240,5,3,retrospective
DEMO_B,2024-01-31,primary,-8.678709924200014e-05,5.552411649982952,9.201310618239145,-8.678709924200014e-05,False,0.08246842120421634,52,240,5,2,retrospective
DEMO_B,2024-01-31,control,0.705762908368557,30.0,9.201310618239145,27.66683099378766,True,0.08246842120421634,51,240,5,2,retrospective
DEMO_B,2024-01-31,segment:09:30–10:00,-0.04910711842066682,4.316912192050122,9.201310618239145,-0.04910711842066682,False,0.08246842120421634,30,240,5,2,retrospective
DEMO_B,2024-01-31,segment:10:00–10:30,-0.15827191590546555,3.2239322599645264,9.201310618239145,-0.15827191590546555,False,0.08246842120421634,30,240,5,2,retrospective
DEMO_B,2024-01-31,segment:10:30–11:00,0.11819252444689538,16.919157627043752,9.201310618239145,0.11819252444689538,False,0.08246842120421634,30,240,5,2,retrospective
DEMO_B,2024-01-31,segment:11:00–11:30,0.705762908368557,30.0,9.201310618239145,27.66683099378766,True,0.08246842120421634,30,240,5,2,retrospective
DEMO_B,2024-01-31,segment:13:00–13:30,0.04261722544930318,3.8555754018280846,9.201310618239145,0.04261722544930318,False,0.08246842120421634,30,240,5,2,retrospective
DEMO_B,2024-01-31,segment:13:30–14:00,-8.678709924200014e-05,5.010309077486582,9.201310618239145,-8.678709924200014e-05,False,0.08246842120421634,30,240,5,2,retrospective
DEMO_B,2024-01-31,segment:14:00–14:30,3.763434106045475e-05,3.1710476560338745,9.201310618239145,3.763434106045475e-05,False,0.08246842120421634,30,240,5,2,retrospective
DEMO_B,2024-01-31,segment:14:30–15:00,0.04177030157634666,3.600210226915286,9.201310618239145,0.04177030157634666,False,0.08246842120421634,30,240,5,2,retrospective
DEMO_B,2024-02-01,primary,0.2,3.4532051683215244,3.027071065056816,0.2,False,0.028170108171595477,52,240,5,1,retrospective
DEMO_B,2024-02-01,control,0.2,3.7699935633395336,3.027071065056816,0.2,False,0.028170108171595477,51,240,5,1,retrospective
DEMO_B,2024-02-01,segment:09:30–10:00,0.2,4.74434717919689,3.027071065056816,0.2,False,0.028170108171595477,30,240,5,1,retrospective
DEMO_B,2024-02-01,segment:10:00–10:30,0.2,2.60250956144749,3.027071065056816,0.2,False,0.028170108171595477,30,240,5,1,retrospective
DEMO_B,2024-02-01,segment:10:30–11:00,0.2,3.2603099629808923,3.027071065056816,0.2,False,0.028170108171595477,30,240,5,1,retrospective
DEMO_B,2024-02-01,segment:11:00–11:30,0.2,3.7699935633395336,3.027071065056816,0.2,False,0.028170108171595477,30,240,5,1,retrospective
DEMO_B,2024-02-01,segment:13:00–13:30,0.2,3.3119556434159416,3.027071065056816,0.2,False,0.028170108171595477,30,240,5,1,retrospective
DEMO_B,2024-02-01,segment:13:30–14:00,0.2,3.4532051683215244,3.027071065056816,0.2,False,0.028170108171595477,30,240,5,1,retrospective
DEMO_B,2024-02-01,segment:14:00–14:30,0.2,6.085864894758933,3.027071065056816,0.2,False,0.028170108171595477,30,240,5,1,retrospective
DEMO_B,2024-02-01,segment:14:30–15:00,0.2,7.759504786597441,3.027071065056816,0.2,False,0.028170108171595477,30,240,5,1,retrospective
DEMO_B,2024-02-02,primary,0.42287978792309094,6.594253523391426,5.059893200905448,4.928303095195247,False,0.04270608351268505,52,240,5,0,retrospective
DEMO_B,2024-02-02,control,0.09130527660235718,8.36994916071579,5.059893200905448,0.09130527660235718,False,0.04270608351268505,51,240,5,0,retrospective
DEMO_B,2024-02-02,segment:09:30–10:00,-0.00738558582521361,6.482113222914516,5.059893200905448,-0.00738558582521361,False,0.04270608351268505,30,240,5,0,retrospective
DEMO_B,2024-02-02,segment:10:00–10:30,-0.1498386229683015,3.121238363271935,5.059893200905448,-0.1498386229683015,False,0.04270608351268505,30,240,5,0,retrospective
DEMO_B,2024-02-02,segment:10:30–11:00,-0.223377615870885,2.1409029726711983,5.059893200905448,-0.223377615870885,False,0.04270608351268505,30,240,5,0,retrospective
DEMO_B,2024-02-02,segment:11:00–11:30,-0.14940152903269016,7.990559928072489,5.059893200905448,-0.14940152903269016,False,0.04270608351268505,30,240,5,0,retrospective
DEMO_B,2024-02-02,segment:13:00–13:30,0.21893175756732897,8.36994916071579,5.059893200905448,0.21893175756732897,False,0.04270608351268505,30,240,5,0,retrospective
DEMO_B,2024-02-02,segment:13:30–14:00,0.42287978792309094,6.594253523391426,5.059893200905448,4.928303095195247,False,0.04270608351268505,30,240,5,0,retrospective
DEMO_B,2024-02-02,segment:14:00–14:30,0.3566674790279811,1.7291583518249318,5.059893200905448,0.3566674790279811,False,0.04270608351268505,30,240,5,0,retrospective
DEMO_B,2024-02-02,segment:14:30–15:00,0.1489604408259712,3.761724777930021,5.059893200905448,0.1489604408259712,False,0.04270608351268505,30,240,5,0,retrospective
